AK, http://www.city-data.com/crime/crime-Alaska.html
AL, http://www.city-data.com/crime/crime-Alabama.html
AR, http://www.city-data.com/crime/crime-Arkansas.html
AZ, http://www.city-data.com/crime/crime-Arizona.html
CA, http://www.city-data.com/crime/crime-California.html
CA, http://www.city-data.com/crime/crime-California2.html
CO, http://www.city-data.com/crime/crime-Colorado.html
CT, http://www.city-data.com/crime/crime-Connecticut.html
DC, http://www.city-data.com/crime/crime-District-of-Columbia.html
DE, http://www.city-data.com/crime/crime-Delaware.html
FL, http://www.city-data.com/crime/crime-Florida.html
GA, http://www.city-data.com/crime/crime-Georgia.html
IA, http://www.city-data.com/crime/crime-Iowa.html
ID, http://www.city-data.com/crime/crime-Idaho.html
IL, http://www.city-data.com/crime/crime-Illinois.html
IL, http://www.city-data.com/crime/crime-Illinois2.html
IL, http://www.city-data.com/crime/crime-Illinois3.html
IL, http://www.city-data.com/crime/crime-Illinois4.html
IN, http://www.city-data.com/crime/crime-Indiana.html
KS, http://www.city-data.com/crime/crime-Kansas.html
KY, http://www.city-data.com/crime/crime-Kentucky.html
LA, http://www.city-data.com/crime/crime-Louisiana.html
MA, http://www.city-data.com/crime/crime-Massachusetts.html
MD, http://www.city-data.com/crime/crime-Maryland.html
ME, http://www.city-data.com/crime/crime-Maine.html
MI, http://www.city-data.com/crime/crime-Michigan.html
MI, http://www.city-data.com/crime/crime-Michigan2.html
MN, http://www.city-data.com/crime/crime-Minnesota.html
MO, http://www.city-data.com/crime/crime-Missouri.html
MO, http://www.city-data.com/crime/crime-Missouri2.html
MS, http://www.city-data.com/crime/crime-Mississippi.html
MT, http://www.city-data.com/crime/crime-Montana.html
NC, http://www.city-data.com/crime/crime-North-Carolina.html
ND, http://www.city-data.com/crime/crime-North-Dakota.html
NE, http://www.city-data.com/crime/crime-Nebraska.html
NH, http://www.city-data.com/crime/crime-New-Hampshire.html
NJ, http://www.city-data.com/crime/crime-New-Jersey.html
NJ, http://www.city-data.com/crime/crime-New-Jersey2.html
NM, http://www.city-data.com/crime/crime-New-Mexico.html
NV, http://www.city-data.com/crime/crime-Nevada.html
NY, http://www.city-data.com/crime/crime-New-York.html
NY, http://www.city-data.com/crime/crime-New-York2.html
OH, http://www.city-data.com/crime/crime-Ohio.html
OH, http://www.city-data.com/crime/crime-Ohio2.html
OK, http://www.city-data.com/crime/crime-Oklahoma.html
OR, http://www.city-data.com/crime/crime-Oregon.html
PA, http://www.city-data.com/crime/crime-Pennsylvania.html
PA, http://www.city-data.com/crime/crime-Pennsylvania2.html
PA, http://www.city-data.com/crime/crime-Pennsylvania3.html
RI, http://www.city-data.com/crime/crime-Rhode-Island.html
SC, http://www.city-data.com/crime/crime-South-Carolina.html
SD, http://www.city-data.com/crime/crime-South-Dakota.html
TN, http://www.city-data.com/crime/crime-Tennessee.html
TX, http://www.city-data.com/crime/crime-Texas.html
TX, http://www.city-data.com/crime/crime-Texas2.html
TX, http://www.city-data.com/crime/crime-Texas3.html
UT, http://www.city-data.com/crime/crime-Utah.html
VA, http://www.city-data.com/crime/crime-Virginia.html
VT, http://www.city-data.com/crime/crime-Vermont.html
WA, http://www.city-data.com/crime/crime-Washington.html
WI, http://www.city-data.com/crime/crime-Wisconsin.html
WV, http://www.city-data.com/crime/crime-West-Virginia.html
WY, http://www.city-data.com/crime/crime-Wyoming.html
